Player,Matches,BattingInnings,TotalBallFaced,TotalRuns,NotOuts,BattingAvg,Bestscore,StrikeRate,BowlingInnings,TotalBallBowled,TotalWickets,BestWickets,TotalRunsConceded,BowlingAvg,TotalOverBowled,EconomyRate
A Ashish Reddy,28,23,196,280,8,18.666666666666668,36,142.85714285714286,20,196,19,3,400,21.05263157894737,45.0,8.88888888888889
A Badoni,11,11,139,161,2,17.88888888888889,54,115.8273381294964,2,139,2,1,12,6.0,2.0,6.0
A Chandila,12,2,7,4,1,4.0,4,57.14285714285714,12,7,11,4,245,22.272727272727277,39.0,6.282051282051282
A Chopra,6,6,75,53,1,10.6,24,70.66666666666667,0,75,0,0,0,0.0,0.0,0.0
A Choudhary,5,3,20,25,1,12.5,15,125.0,5,20,5,2,144,28.8,18.0,8.0
A Dananjaya,1,1,5,4,1,inf,4,80.0,1,5,0,0,47,inf,4.166666666666667,11.28
A Flintoff,3,3,57,62,1,31.0,24,108.7719298245614,3,57,2,1,106,53.0,11.0,9.636363636363637
A Kumble,42,15,49,35,13,17.5,8,71.42857142857143,42,49,49,5,1089,22.22448979591837,163.83333333333334,6.646998982706002
A Manohar,7,7,79,108,1,18.0,43,136.70886075949366,0,79,0,0,0,0.0,0.0,0.0
A Mishra,154,54,410,362,24,12.066666666666666,31,88.29268292682927,154,410,175,5,4022,22.982857142857146,552.8333333333334,7.275248718721736
A Mithun,16,6,26,34,1,6.8,11,130.76923076923077,16,26,8,2,477,59.625,52.0,9.173076923076923
A Mukund,2,2,23,19,0,9.5,19,82.6086956521739,0,23,0,0,0,0.0,0.0,0.0
A Nehra,88,17,63,41,9,5.125,22,65.07936507936508,88,63,121,5,2537,20.96694214876033,329.0,7.711246200607903
A Nel,1,0,0,0,0,0.0,0,0.0,1,0,1,1,31,31.0,3.0,10.333333333333334
A Nortje,30,4,13,8,3,8.0,3,61.53846153846154,30,13,44,4,946,21.5,117.66666666666669,8.039660056657224
A Singh,23,5,10,2,1,0.5,1,20.0,23,10,31,4,639,20.61290322580645,81.0,7.888888888888889
A Symonds,36,36,781,974,10,37.46153846153846,117,124.71190781049935,30,781,23,3,694,30.17391304347826,90.0,7.711111111111111
A Tomar,1,1,8,4,0,4.0,4,50.0,0,8,0,0,0,0.0,0.0,0.0
A Uniyal,2,2,7,4,1,4.0,4,57.14285714285714,2,7,3,3,67,22.33333333333333,6.333333333333333,10.578947368421051
A Zampa,14,2,8,5,0,2.5,5,62.5,14,8,21,6,373,17.761904761904763,48.66666666666666,7.664383561643836
AA Bilakhia,7,7,88,69,2,13.8,22,78.4090909090909,0,88,0,0,0,0.0,0.0,0.0
AA Chavan,13,3,11,12,2,12.0,7,109.09090909090908,13,11,8,2,339,42.375,42.5,7.976470588235294
AA Jhunjhunwala,18,15,218,217,1,15.5,53,99.54128440366972,10,218,1,1,130,130.0,14.666666666666666,8.863636363636363
AA Kazi,1,0,0,0,0,0.0,0,0.0,1,0,1,1,21,21.0,2.1666666666666665,9.692307692307692
AA Noffke,1,1,12,9,0,9.0,9,75.0,1,12,1,1,41,41.0,4.166666666666667,9.84
AB Agarkar,42,18,160,179,10,22.375,39,111.875,42,160,33,3,1174,35.57575757575758,136.66666666666666,8.590243902439026
AB Barath,3,3,43,42,1,21.0,33,97.67441860465117,0,43,0,0,0,0.0,0.0,0.0
AB Dinda,76,16,50,26,7,2.888888888888889,7,52.0,75,50,82,4,2103,25.646341463414632,264.8333333333333,7.940843297671492
AB McDonald,10,9,103,123,4,24.6,33,119.41747572815532,10,103,14,4,263,18.785714285714285,31.33333333333333,8.393617021276595
AB de Villiers,170,170,3487,5181,45,41.448,133,148.58044164037855,0,3487,0,0,0,0.0,0.0,0.0
AC Blizzard,7,7,91,120,0,17.142857142857142,51,131.86813186813183,0,91,0,0,0,0.0,0.0,0.0
AC Gilchrist,80,80,1555,2069,4,27.223684210526315,109,133.05466237942122,1,1555,1,1,0,0.0,0.1666666666666666,0.0
AC Thomas,15,4,19,20,2,10.0,12,105.26315789473684,15,19,16,3,416,26.0,54.5,7.63302752293578
AC Voges,8,7,143,181,1,30.166666666666668,45,126.5734265734266,7,143,1,1,76,76.0,9.333333333333334,8.142857142857142
AD Hales,6,6,119,148,0,24.666666666666668,45,124.36974789915966,0,119,0,0,0,0.0,0.0,0.0
AD Mascarenhas,13,11,79,79,1,7.9,27,100.0,13,79,19,5,365,19.210526315789476,51.66666666666666,7.064516129032258
AD Mathews,46,41,599,724,10,23.35483870967742,65,120.86811352253756,44,599,28,4,1095,39.10714285714285,134.5,8.141263940520446
AD Nath,10,10,99,90,0,9.0,24,90.9090909090909,0,99,0,0,0,0.0,0.0,0.0
AD Russell,95,81,1212,2039,15,30.893939393939394,88,168.23432343234325,89,1212,99,6,2214,22.363636363636363,247.33333333333331,8.951482479784366
AF Milne,10,6,31,23,1,4.6,15,74.19354838709677,10,31,9,3,339,37.66666666666666,36.16666666666666,9.373271889400922
AG Murtaza,12,3,14,10,2,10.0,5,71.42857142857143,12,14,12,3,322,26.83333333333333,44.833333333333336,7.182156133828996
AG Paunikar,5,5,61,49,0,9.8,20,80.32786885245902,0,61,0,0,0,0.0,0.0,0.0
AJ Finch,90,90,1696,2092,6,24.904761904761905,88,123.34905660377358,5,1696,1,1,67,67.0,7.333333333333333,9.136363636363637
AJ Turner,4,4,11,3,1,1.0,3,27.27272727272727,0,11,0,0,0,0.0,0.0,0.0
AJ Tye,30,13,79,91,5,11.375,25,115.18987341772151,30,79,48,5,1005,20.9375,119.0,8.445378151260504
AK Markram,19,18,400,527,5,40.53846153846154,68,131.75,6,400,1,1,87,87.0,10.166666666666666,8.557377049180328
AL Menaria,25,23,367,401,1,18.227272727272727,40,109.26430517711172,12,367,3,2,144,48.0,18.83333333333333,7.646017699115045
AM Nayar,51,50,588,672,11,17.23076923076923,45,114.28571428571428,19,588,9,3,323,35.888888888888886,39.833333333333336,8.10878661087866
AM Rahane,148,148,3465,4074,15,30.63157894736842,105,117.57575757575758,1,3465,1,1,5,5.0,1.0,5.0
AM Salvi,7,0,0,0,0,0.0,0,0.0,7,0,7,2,205,29.285714285714285,26.0,7.884615384615385
AN Ahmed,17,6,27,36,5,36.0,18,133.33333333333331,17,27,15,3,515,34.333333333333336,60.333333333333336,8.535911602209945
AN Ghosh,2,2,8,7,0,3.5,7,87.5,0,8,0,0,0,0.0,0.0,0.0
AP Dole,3,2,23,34,0,17.0,30,147.82608695652172,3,23,5,2,114,22.8,12.166666666666666,9.36986301369863
AP Majumdar,4,4,77,87,0,21.75,31,112.987012987013,0,77,0,0,0,0.0,0.0,0.0
AP Tare,27,27,285,339,3,14.125,59,118.94736842105264,0,285,0,0,0,0.0,0.0,0.0
AR Bawne,1,1,12,12,1,inf,12,100.0,0,12,0,0,0,0.0,0.0,0.0
AR Patel,122,87,919,1135,28,19.23728813559322,44,123.5038084874864,121,919,109,4,3140,28.807339449541285,433.1666666666667,7.24894190073105
AS Joseph,12,4,20,20,3,20.0,15,100.0,12,20,14,6,358,25.571428571428573,40.0,8.95
AS Rajpoot,29,7,41,26,3,6.5,8,63.41463414634146,29,41,24,5,844,35.166666666666664,94.5,8.931216931216932
AS Raut,17,16,172,194,5,17.636363636363637,36,112.7906976744186,5,172,0,0,45,inf,5.0,9.0
AS Roy,3,1,2,0,0,0.0,0,0.0,3,2,2,1,66,33.0,9.5,6.947368421052632
AS Yadav,6,6,40,49,-1,7.0,16,122.5,0,40,0,0,0,0.0,0.0,0.0
AT Carey,3,3,29,32,1,16.0,14,110.34482758620688,0,29,0,0,0,0.0,0.0,0.0
AT Rayudu,173,173,3375,4190,31,29.507042253521128,100,124.14814814814814,0,3375,0,0,0,0.0,0.0,0.0
AU Rashid,1,0,0,0,0,0.0,0,0.0,1,0,0,0,35,inf,3.0,11.666666666666666
AUK Pathan,7,7,26,39,2,7.8,14,150.0,3,26,0,0,63,inf,6.833333333333333,9.219512195121952
Abdul Samad,19,19,164,228,2,13.411764705882351,33,139.02439024390242,5,164,2,1,113,56.5,9.166666666666666,12.327272727272728
Abdur Razzak,1,1,2,0,1,0.0,0,0.0,1,2,0,0,29,inf,2.333333333333333,12.428571428571429
Abhishek Sharma,36,34,511,667,5,23.0,75,130.52837573385517,17,511,7,2,218,31.142857142857142,26.83333333333333,8.124223602484472
Akash Deep,5,1,2,0,0,0.0,0,0.0,5,2,6,3,206,34.333333333333336,19.83333333333333,10.38655462184874
Akash Singh,1,0,0,0,0,0.0,0,0.0,1,0,0,0,39,inf,4.0,9.75
Aman Hakim Khan,1,1,3,5,0,5.0,5,166.66666666666669,1,3,0,0,13,inf,1.0,13.0
Anand Rajan,8,0,0,0,0,0.0,0,0.0,8,0,10,4,206,20.6,27.0,7.62962962962963
Anirudh Singh,4,4,69,63,0,15.75,40,91.30434782608695,0,69,0,0,0,0.0,0.0,0.0
Ankit Sharma,21,10,69,87,3,12.428571428571429,30,126.08695652173914,21,69,12,2,453,37.75,62.5,7.248
Ankit Soni,6,3,9,7,1,3.5,7,77.77777777777779,6,9,4,2,145,36.25,18.666666666666668,7.767857142857142
Anmolpreet Singh,3,3,27,29,0,9.666666666666666,16,107.40740740740742,0,27,0,0,0,0.0,0.0,0.0
Anuj Rawat,9,9,124,129,1,16.125,66,104.03225806451611,0,124,0,0,0,0.0,0.0,0.0
Anureet Singh,22,8,47,36,4,9.0,15,76.59574468085107,22,47,21,3,636,30.285714285714285,71.66666666666667,8.874418604651162
Arshdeep Singh,37,9,36,23,5,5.75,10,63.888888888888886,37,36,46,5,1086,23.608695652173918,133.83333333333334,8.114570361145702
Avesh Khan,38,6,19,31,5,31.0,12,163.1578947368421,38,19,51,4,1190,23.33333333333333,144.66666666666666,8.225806451612904
Azhar Mahmood,23,21,311,388,2,20.42105263157895,80,124.7588424437299,23,311,31,3,707,22.806451612903224,92.0,7.684782608695652
B Akhil,15,11,57,76,4,10.857142857142858,27,133.33333333333331,13,57,7,2,246,35.142857142857146,32.166666666666664,7.647668393782384
B Chipli,21,21,256,280,5,17.5,61,109.375,1,256,0,0,20,inf,1.0,20.0
B Geeves,2,0,0,0,0,0.0,0,0.0,2,0,2,1,91,45.5,8.166666666666666,11.142857142857144
B Indrajith,3,3,31,21,0,7.0,15,67.74193548387096,0,31,0,0,0,0.0,0.0,0.0
B Kumar,146,55,259,241,27,8.607142857142858,24,93.05019305019306,146,259,165,5,4064,24.63030303030303,564.0,7.205673758865248
B Laughlin,9,4,13,5,2,2.5,4,38.46153846153847,9,13,10,2,284,28.4,29.83333333333333,9.5195530726257
B Lee,38,19,102,124,9,12.4,25,121.5686274509804,38,102,30,3,1126,37.53333333333333,152.66666666666666,7.375545851528384
B Sai Sudharsan,5,5,118,145,1,36.25,65,122.8813559322034,0,118,0,0,0,0.0,0.0,0.0
B Stanlake,6,1,2,5,1,inf,5,250.0,6,2,7,2,200,28.571428571428573,25.0,8.0
B Sumanth,4,4,38,35,3,35.0,16,92.10526315789474,0,38,0,0,0,0.0,0.0,0.0
BA Bhatt,15,2,7,6,2,inf,6,85.71428571428571,15,7,13,4,408,31.384615384615383,50.5,8.07920792079208
BA Stokes,43,41,703,920,2,23.58974358974359,107,130.86770981507823,37,703,31,3,1005,32.41935483870968,119.5,8.410041841004183
BAW Mendis,10,3,6,3,1,1.5,2,50.0,10,6,9,2,306,34.0,41.333333333333336,7.403225806451612
BB McCullum,109,109,2272,2882,3,27.18867924528302,158,126.84859154929578,0,2272,0,0,0,0.0,0.0,0.0
BB Samantray,8,8,116,125,3,25.0,55,107.7586206896552,0,116,0,0,0,0.0,0.0,0.0
BB Sran,24,7,14,10,6,10.0,3,71.42857142857143,24,14,20,3,767,38.35,86.0,8.918604651162791
BCJ Cutting,21,17,146,238,6,21.63636363636364,39,163.013698630137,17,146,12,2,430,35.833333333333336,48.0,8.958333333333334
BE Hendricks,7,2,3,1,1,1.0,1,33.33333333333333,7,3,11,3,239,21.727272727272727,26.166666666666668,9.13375796178344
BJ Haddin,1,1,11,18,0,18.0,18,163.63636363636363,0,11,0,0,0,0.0,0.0,0.0
BJ Hodge,63,63,1153,1400,17,30.43478260869565,73,121.42237640936686,20,1153,18,5,310,17.22222222222222,39.66666666666666,7.815126050420169
BJ Rohrer,8,8,146,193,1,27.571428571428573,64,132.1917808219178,1,146,0,0,12,inf,1.1666666666666667,10.285714285714285
BMAJ Mendis,3,3,27,23,0,7.666666666666667,12,85.18518518518519,2,27,1,1,36,36.0,5.0,7.2
BR Dunk,3,3,36,40,0,13.333333333333334,20,111.11111111111111,0,36,0,0,0,0.0,0.0,0.0
BW Hilfenhaus,17,0,0,0,0,0.0,0,0.0,17,0,23,3,497,21.608695652173918,65.0,7.6461538461538465
Basil Thampi,25,7,37,32,5,16.0,13,86.48648648648648,25,37,26,4,862,33.15384615384615,89.83333333333333,9.595547309833025
Bipul Sharma,29,17,124,187,11,31.166666666666668,35,150.80645161290323,28,124,22,2,581,26.40909090909091,72.66666666666667,7.995412844036696
C Ganapathy,1,0,0,0,0,0.0,0,0.0,1,0,0,0,13,inf,1.0,13.0
C Madan,1,1,21,15,0,15.0,15,71.42857142857143,0,21,0,0,0,0.0,0.0,0.0
C Munro,12,11,144,177,2,19.666666666666668,40,122.91666666666669,2,144,0,0,15,inf,2.0,7.5
C Nanda,3,1,1,0,0,0.0,0,0.0,3,1,2,1,58,29.0,8.333333333333334,6.959999999999999
C Sakariya,17,5,25,16,1,4.0,7,64.0,17,25,17,3,521,30.647058823529413,67.5,7.718518518518518
C de Grandhomme,25,21,229,303,6,20.2,40,132.31441048034935,19,229,7,3,323,46.142857142857146,38.333333333333336,8.426086956521738
CA Ingram,15,15,183,205,3,17.083333333333332,47,112.02185792349728,0,183,0,0,0,0.0,0.0,0.0
CA Lynn,42,42,974,1329,3,34.07692307692308,93,136.4476386036961,0,974,0,0,0,0.0,0.0,0.0
CA Pujara,22,22,403,390,4,21.666666666666668,51,96.7741935483871,0,403,0,0,0,0.0,0.0,0.0
CH Gayle,141,141,3516,4997,13,39.0390625,175,142.1217292377702,38,3516,19,3,755,39.73684210526316,97.33333333333331,7.756849315068494
CH Morris,81,49,413,618,20,21.310344827586206,82,149.636803874092,81,413,107,5,2377,22.21495327102804,300.1666666666667,7.91893392559689
CJ Anderson,30,29,436,538,7,24.454545454545453,95,123.39449541284404,22,436,14,3,525,37.5,52.5,10.0
CJ Dala,1,0,0,0,0,0.0,0,0.0,1,0,0,0,34,inf,3.1666666666666665,10.736842105263158
CJ Ferguson,8,8,119,98,2,16.333333333333332,23,82.35294117647058,0,119,0,0,0,0.0,0.0,0.0
CJ Green,1,0,0,0,0,0.0,0,0.0,1,0,0,0,24,inf,2.833333333333333,8.470588235294118
CJ Jordan,28,10,68,75,3,10.714285714285714,30,110.29411764705884,28,68,33,4,870,26.363636363636363,96.16666666666669,9.04679376083189
CJ McKay,2,1,15,8,0,8.0,8,53.333333333333336,2,15,1,1,60,60.0,7.0,8.571428571428571
CK Kapugedera,4,3,24,16,0,5.333333333333333,8,66.66666666666666,3,24,0,0,49,inf,2.833333333333333,17.294117647058822
CK Langeveldt,7,2,9,8,0,4.0,8,88.88888888888889,7,9,13,3,199,15.307692307692308,27.5,7.236363636363636
CL White,45,45,774,971,10,27.742857142857144,78,125.45219638242897,6,774,1,1,86,86.0,7.666666666666667,11.217391304347826
CM Gautam,13,13,158,169,4,18.77777777777778,33,106.9620253164557,0,158,0,0,0,0.0,0.0,0.0
CR Brathwaite,16,14,120,181,0,12.928571428571429,43,150.83333333333334,16,120,16,3,384,24.0,44.333333333333336,8.661654135338345
CR Woakes,21,12,77,78,7,15.6,18,101.29870129870127,21,77,31,3,674,21.741935483870968,77.16666666666667,8.734341252699783
CRD Fernando,10,2,3,4,1,4.0,2,133.33333333333331,10,3,19,5,306,16.105263157894736,41.5,7.373493975903615
CV Varun,42,8,38,24,6,12.0,10,63.1578947368421,42,38,44,5,1186,26.954545454545453,165.33333333333334,7.173387096774193
D Brevis,7,7,116,161,0,23.0,49,138.79310344827587,1,116,1,1,8,8.0,0.5,16.0
D Kalyankrishna,3,1,8,3,0,3.0,3,37.5,3,8,2,1,88,44.0,8.333333333333334,10.56
D Padikkal,46,46,1057,1260,1,28.0,101,119.20529801324504,0,1057,0,0,0,0.0,0.0,0.0
D Pretorius,6,5,28,44,1,11.0,22,157.14285714285714,6,28,7,2,213,30.428571428571427,23.0,9.26086956521739
D Salunkhe,5,3,24,33,2,33.0,26,137.5,5,24,1,1,80,80.0,8.5,9.411764705882351
D Wiese,15,8,94,127,3,25.4,47,135.1063829787234,14,94,17,4,409,24.058823529411764,48.16666666666666,8.491349480968859
D du Preez,2,1,13,10,0,10.0,10,76.92307692307693,2,13,4,3,56,14.0,7.166666666666667,7.813953488372093
DA Miller,101,101,1838,2455,32,35.57971014492754,101,133.56909684439609,0,1838,0,0,0,0.0,0.0,0.0
DA Warner,162,162,4313,5883,19,41.13986013986014,126,136.40157662879665,1,4313,0,0,2,inf,0.3333333333333333,6.0
DAJ Bracewell,1,1,9,12,1,inf,12,133.33333333333331,1,9,3,3,32,10.666666666666666,4.166666666666667,7.68
DB Das,22,22,267,304,10,25.33333333333333,35,113.85767790262172,0,267,0,0,0,0.0,0.0,0.0
DB Ravi Teja,25,25,325,375,5,18.75,60,115.38461538461536,2,325,1,1,28,28.0,3.0,9.333333333333334
DE Bollinger,27,4,23,21,3,21.0,16,91.30434782608695,27,23,43,4,716,16.651162790697676,100.0,7.16
DG Nalkande,2,0,0,0,0,0.0,0,0.0,2,0,2,2,59,29.5,5.5,10.727272727272728
DH Yagnik,17,17,142,170,8,18.88888888888889,34,119.71830985915491,0,142,0,0,0,0.0,0.0,0.0
DJ Bravo,160,110,1247,1560,41,22.608695652173918,70,125.10024057738572,158,1247,207,4,4436,21.42995169082125,549.3333333333334,8.075242718446601
DJ Harris,4,4,103,111,1,37.0,47,107.76699029126212,2,103,0,0,26,inf,3.0,8.666666666666666
DJ Hooda,80,75,970,1237,17,21.32758620689655,64,127.52577319587628,30,970,10,2,505,50.5,59.833333333333336,8.440111420612814
DJ Hussey,61,61,1101,1322,12,26.97959183673469,71,120.07266121707538,26,1101,10,2,485,48.5,53.833333333333336,9.009287925696594
DJ Jacobs,7,7,101,92,0,13.142857142857142,32,91.0891089108911,0,101,0,0,0,0.0,0.0,0.0
DJ Malan,1,1,26,26,0,26.0,26,100.0,0,26,0,0,0,0.0,0.0,0.0
DJ Mitchell,2,2,46,33,0,16.5,17,71.73913043478261,2,46,0,0,27,inf,2.1666666666666665,12.461538461538462
DJ Muthuswami,6,1,3,1,0,1.0,1,33.33333333333333,6,3,4,2,108,27.0,14.0,7.714285714285714
DJ Thornely,5,4,54,39,1,13.0,30,72.22222222222221,4,54,3,2,40,13.333333333333334,7.333333333333333,5.454545454545455
DJ Willey,7,2,32,18,-1,6.0,18,56.25,7,32,3,1,171,57.0,21.166666666666668,8.078740157480315
DJG Sammy,22,20,251,295,5,19.666666666666668,60,117.52988047808766,19,251,14,6,354,25.285714285714285,40.66666666666666,8.704918032786885
DJM Short,7,7,102,115,0,16.428571428571427,44,112.74509803921568,2,102,1,1,23,23.0,3.0,7.666666666666667
DL Chahar,63,11,59,79,4,11.285714285714286,39,133.89830508474577,63,59,61,5,1739,28.508196721311474,230.83333333333331,7.533574007220216
DL Vettori,34,16,118,121,9,17.285714285714285,29,102.54237288135592,34,118,34,5,894,26.294117647058822,130.83333333333334,6.83312101910828
DM Bravo,1,1,5,6,1,inf,6,120.0,0,5,0,0,0,0.0,0.0,0.0
DNT Zoysa,3,2,9,11,1,11.0,10,122.22222222222224,3,9,2,1,100,50.0,11.5,8.695652173913043
DP Conway,7,7,176,252,1,42.0,87,143.1818181818182,0,176,0,0,0,0.0,0.0,0.0
DP Nannes,29,2,13,4,1,4.0,3,30.76923076923077,29,13,38,4,815,21.44736842105263,114.83333333333331,7.097242380261249
DP Vijaykumar,9,1,1,1,1,inf,1,100.0,9,1,4,1,205,51.25,26.5,7.735849056603773
DPMD Jayawardene,78,78,1522,1808,14,28.25,110,118.7910643889619,0,1522,0,0,0,0.0,0.0,0.0
DR Martyn,1,1,26,19,-1,9.5,19,73.07692307692307,0,26,0,0,0,0.0,0.0,0.0
DR Sams,16,13,48,44,3,4.4,15,91.66666666666666,16,48,15,4,528,35.2,64.83333333333333,8.143958868894602
DR Shorey,2,2,20,13,0,6.5,8,65.0,0,20,0,0,0,0.0,0.0,0.0
DR Smith,91,88,1803,2385,7,29.444444444444443,87,132.27953410981698,46,1803,27,4,825,30.55555555555556,92.83333333333331,8.88689407540395
DS Kulkarni,92,20,113,104,11,11.555555555555555,28,92.03539823008848,92,113,91,4,2513,27.615384615384617,312.6666666666667,8.03731343283582
DS Lehmann,2,2,19,18,0,9.0,17,94.73684210526316,0,19,0,0,0,0.0,0.0,0.0
DT Christian,49,41,408,460,13,16.428571428571427,39,112.74509803921568,49,408,40,2,1218,30.45,153.66666666666666,7.926247288503254
DT Patil,2,2,13,13,1,13.0,9,100.0,0,13,0,0,0,0.0,0.0,0.0
DW Steyn,95,33,163,167,11,7.590909090909091,19,102.45398773006136,95,163,105,3,2583,24.6,380.3333333333333,6.791411042944786
E Lewis,26,26,499,654,2,27.25,65,131.062124248497,0,499,0,0,0,0.0,0.0,0.0
EJG Morgan,74,74,1181,1406,13,23.049180327868854,68,119.05165114309906,0,1181,0,0,0,0.0,0.0,0.0
ER Dwivedi,2,2,15,24,0,12.0,19,160.0,0,15,0,0,0,0.0,0.0,0.0
F Behardien,3,3,13,14,1,7.0,9,107.6923076923077,0,13,0,0,0,0.0,0.0,0.0
F du Plessis,109,109,2676,3403,12,35.08247422680412,96,127.16741405082212,1,2676,0,0,16,inf,1.0,16.0
FA Allen,5,3,19,14,1,7.0,8,73.68421052631578,4,19,2,1,136,68.0,15.166666666666666,8.967032967032967
FH Edwards,6,2,5,4,1,4.0,3,80.0,6,5,6,2,160,26.666666666666668,25.0,6.4
FY Fazal,12,11,179,183,2,20.33333333333333,45,102.23463687150836,2,179,1,1,20,20.0,2.0,10.0
Fazalhaq Farooqi,3,1,8,2,1,inf,2,25.0,3,8,2,2,110,55.0,12.666666666666666,8.68421052631579
G Gambhir,151,151,3524,4217,16,31.23703703703704,93,119.66515323496029,0,3524,0,0,0,0.0,0.0,0.0
GB Hogg,21,4,22,22,2,11.0,13,100.0,21,22,25,4,585,23.4,77.66666666666667,7.532188841201716
GC Smith,29,29,691,739,-1,24.633333333333333,91,106.9464544138929,0,691,0,0,0,0.0,0.0,0.0
GC Viljoen,6,3,7,3,1,1.5,2,42.85714285714285,6,7,8,3,229,28.625,24.33333333333333,9.41095890410959
GD McGrath,14,2,5,4,1,4.0,4,80.0,14,5,14,4,366,26.142857142857142,54.833333333333336,6.674772036474164
GD Phillips,3,3,33,26,1,13.0,14,78.78787878787878,2,33,1,1,20,20.0,2.1666666666666665,9.230769230769232
GH Vihari,23,23,331,284,3,14.2,46,85.80060422960725,6,331,1,1,48,48.0,7.166666666666667,6.697674418604651
GHS Garton,5,2,4,2,1,2.0,2,50.0,5,4,3,1,136,45.333333333333336,16.166666666666668,8.412371134020617
GJ Bailey,36,36,552,663,7,22.86206896551724,61,120.1086956521739,0,552,0,0,0,0.0,0.0,0.0
GJ Maxwell,109,105,1571,2320,15,25.77777777777778,95,147.67663908338636,66,1571,31,2,1087,35.064516129032256,133.83333333333334,8.122042341220423
GR Napier,1,1,16,15,0,15.0,15,93.75,1,16,1,1,28,28.0,4.0,7.0
GS Sandhu,2,0,0,0,0,0.0,0,0.0,2,0,1,1,86,86.0,8.0,10.75
Gagandeep Singh,4,0,0,0,0,0.0,0,0.0,4,0,3,1,142,47.333333333333336,14.0,10.142857142857142
Gurkeerat Singh,32,32,436,511,5,18.925925925925927,65,117.20183486238533,6,436,5,2,97,19.4,13.666666666666666,7.097560975609756
H Das,1,1,5,2,0,2.0,2,40.0,0,5,0,0,0,0.0,0.0,0.0
H Klaasen,6,6,58,66,1,13.2,32,113.79310344827589,0,58,0,0,0,0.0,0.0,0.0
HE van der Dussen,3,3,25,22,1,11.0,12,88.0,0,25,0,0,0,0.0,0.0,0.0
HF Gurney,8,1,5,1,1,inf,1,20.0,8,5,7,2,239,34.142857142857146,28.166666666666668,8.485207100591715
HH Gibbs,36,36,837,886,4,27.6875,69,105.8542413381123,0,837,0,0,0,0.0,0.0,0.0
HH Pandya,105,100,1406,1972,34,29.87878787878788,91,140.2560455192034,70,1406,53,3,1566,29.547169811320757,183.83333333333331,8.518585675430643
HM Amla,16,16,418,577,3,44.38461538461539,104,138.03827751196172,0,418,0,0,0,0.0,0.0,0.0
HR Shokeen,5,2,48,43,0,21.5,25,89.58333333333334,5,48,2,2,130,65.0,15.666666666666666,8.297872340425533
HV Patel,77,31,189,230,10,10.952380952380953,36,121.6931216931217,76,189,106,6,2262,21.339622641509436,277.5,8.151351351351352
Harbhajan Singh,163,88,636,833,32,14.875,64,130.9748427672956,160,636,161,5,4101,25.472049689440997,582.6666666666666,7.0383295194508015
Harmeet Singh,28,4,12,18,2,9.0,14,150.0,28,12,31,3,747,24.096774193548388,95.66666666666669,7.808362369337979
Harpreet Brar,15,9,100,106,6,35.333333333333336,25,106.0,15,100,9,3,379,42.11111111111112,49.333333333333336,7.682432432432432
Harpreet Singh,3,3,26,20,1,10.0,13,76.92307692307693,0,26,0,0,0,0.0,0.0,0.0
Harshit Rana,2,2,2,2,1,2.0,2,100.0,2,2,1,1,52,52.0,5.166666666666667,10.064516129032258
I Malhotra,1,1,4,7,1,inf,7,175.0,1,4,0,0,23,inf,1.0,23.0
I Sharma,93,18,62,55,11,7.857142857142857,10,88.70967741935483,93,62,74,5,2779,37.554054054054056,348.3333333333333,7.97799043062201
I Udana,10,4,11,15,1,5.0,10,136.36363636363637,10,11,8,2,286,35.75,30.33333333333333,9.428571428571429
IC Pandey,24,1,2,0,0,0.0,0,0.0,24,2,19,2,609,32.05263157894737,78.16666666666667,7.791044776119403
IC Porel,1,0,0,0,0,0.0,0,0.0,1,0,1,1,42,42.0,4.333333333333333,9.692307692307692
IK Pathan,102,82,985,1150,29,21.69811320754717,60,116.751269035533,101,985,99,3,2711,27.383838383838384,352.1666666666667,7.698059630856601
IR Jaggi,7,7,100,76,2,15.2,28,76.0,0,100,0,0,0,0.0,0.0,0.0
IS Sodhi,8,2,18,7,0,3.5,6,38.88888888888889,8,18,9,3,204,22.666666666666668,30.33333333333333,6.725274725274725
Imran Tahir,59,8,37,33,4,8.25,13,89.1891891891892,59,37,86,4,1729,20.1046511627907,223.33333333333331,7.741791044776119
Iqbal Abdulla,48,13,86,88,12,88.0,33,102.32558139534883,48,86,45,3,1125,25.0,157.16666666666666,7.158006362672323
Ishan Kishan,70,70,1444,1870,8,30.161290322580644,99,129.50138504155123,0,1444,0,0,0,0.0,0.0,0.0
J Arunkumar,3,3,24,23,0,7.666666666666667,22,95.83333333333334,0,24,0,0,0,0.0,0.0,0.0
J Botha,34,28,364,409,6,18.59090909090909,67,112.36263736263736,34,364,27,3,818,30.296296296296298,118.16666666666669,6.922425952045134
J Suchith,21,9,62,70,5,17.5,34,112.90322580645164,21,62,20,2,604,30.2,72.33333333333333,8.350230414746544
J Syed Mohammad,11,5,27,29,3,14.5,13,107.40740740740742,11,27,10,2,286,28.6,32.666666666666664,8.755102040816327
J Theron,10,4,13,10,2,5.0,7,76.92307692307693,10,13,13,5,311,23.923076923076923,39.16666666666666,7.940425531914894
J Yadav,19,4,38,40,2,20.0,23,105.26315789473684,19,38,9,2,421,46.77777777777778,62.333333333333336,6.754010695187166
JA Morkel,90,67,712,975,27,24.375,73,136.938202247191,87,712,96,4,2409,25.09375,301.1666666666667,7.998893193137797
JA Richardson,3,2,25,15,0,7.5,15,60.0,3,25,3,2,122,40.66666666666666,11.5,10.608695652173912
JC Archer,35,21,128,195,8,15.0,27,152.34375,35,128,47,3,1008,21.4468085106383,143.0,7.048951048951049
JC Buttler,81,81,1955,2832,10,39.88732394366197,124,144.85933503836316,0,1955,0,0,0,0.0,0.0,0.0
JD Ryder,29,29,466,604,0,20.82758620689655,86,129.6137339055794,16,466,11,3,314,28.545454545454547,40.16666666666666,7.817427385892117
JD Unadkat,90,21,136,164,10,14.909090909090908,26,120.58823529411764,90,136,99,5,2806,28.343434343434343,323.6666666666667,8.66941297631308
JDP Oram,15,11,110,106,3,13.25,41,96.36363636363636,14,110,13,3,362,27.846153846153847,40.66666666666666,8.901639344262296
JDS Neesham,14,10,93,92,2,11.5,22,98.9247311827957,13,93,8,3,342,42.75,37.0,9.243243243243244
JE Taylor,5,2,4,3,2,inf,2,75.0,5,4,6,3,167,27.83333333333333,20.33333333333333,8.213114754098362
JEC Franklin,19,16,309,327,5,29.727272727272727,79,105.8252427184466,15,309,9,2,225,25.0,25.83333333333333,8.70967741935484
JH Kallis,98,95,2291,2427,6,27.269662921348317,89,105.93627237014404,89,2291,74,3,2348,31.72972972972973,299.8333333333333,7.831017231795442
JJ Bumrah,120,22,68,56,14,7.0,16,82.35294117647058,120,68,161,5,3499,21.732919254658384,476.1666666666667,7.348267413370668
JJ Roy,13,13,264,329,2,29.90909090909091,91,124.62121212121212,0,264,0,0,0,0.0,0.0,0.0
JJ van der Wath,3,3,17,18,1,9.0,14,105.88235294117648,3,17,3,2,134,44.66666666666666,12.666666666666666,10.578947368421051
JL Denly,1,1,1,0,0,0.0,0,0.0,0,1,0,0,0,0.0,0.0,0.0
JL Pattinson,10,2,13,15,1,15.0,11,115.38461538461536,10,13,11,2,321,29.181818181818183,37.0,8.675675675675675
JM Bairstow,39,39,935,1291,1,33.973684210526315,114,138.07486631016044,0,935,0,0,0,0.0,0.0,0.0
JM Kemp,5,2,25,26,0,13.0,22,104.0,5,25,3,3,58,19.33333333333333,7.833333333333333,7.404255319148937
JM Sharma,10,10,149,234,2,29.25,44,157.04697986577182,0,149,0,0,0,0.0,0.0,0.0
JO Holder,38,24,205,247,5,13.0,47,120.48780487804878,38,205,55,4,1199,21.8,145.5,8.240549828178693
JP Behrendorff,5,0,0,0,0,0.0,0,0.0,5,0,5,2,168,33.6,19.5,8.615384615384615
JP Duminy,79,75,1680,2029,26,41.40816326530612,78,120.77380952380952,49,1680,23,4,847,36.82608695652174,116.83333333333331,7.249643366619116
JP Faulkner,60,45,406,527,17,18.821428571428573,46,129.80295566502463,60,406,76,5,1849,24.32894736842105,214.5,8.62004662004662
JPR Scantlebury-Searles,3,2,6,8,1,8.0,6,133.33333333333331,3,6,2,1,89,44.5,7.5,11.866666666666667
JR Hazlewood,24,5,27,18,5,inf,7,66.66666666666666,24,27,33,4,754,22.848484848484848,94.16666666666669,8.007079646017699
JR Hopes,20,19,314,417,2,24.529411764705884,71,132.80254777070064,20,314,14,2,562,40.142857142857146,61.5,9.138211382113822
JR Philippe,5,5,80,78,1,19.5,33,97.5,0,80,0,0,0,0.0,0.0,0.0
JW Hastings,3,0,0,0,0,0.0,0,0.0,3,0,3,2,66,22.0,10.166666666666666,6.491803278688525
Jalaj S Saxena,1,0,0,0,0,0.0,0,0.0,1,0,0,0,27,inf,3.0,9.0
Jaskaran Singh,7,4,11,8,2,4.0,4,72.72727272727273,7,11,6,2,174,29.0,18.5,9.405405405405403
Joginder Sharma,16,5,30,36,1,9.0,16,120.0,15,30,13,2,421,32.38461538461539,45.333333333333336,9.286764705882351
K Goel,16,16,239,218,2,15.571428571428571,38,91.21338912133892,6,239,0,0,94,inf,11.166666666666666,8.417910447761194
K Gowtham,28,20,115,186,6,13.285714285714286,33,161.7391304347826,28,115,19,2,677,35.63157894736842,81.0,8.358024691358025
K Kartikeya,4,1,6,3,0,3.0,3,50.0,4,6,5,2,103,20.6,13.0,7.923076923076923
K Khejroliya,5,0,0,0,0,0.0,0,0.0,5,0,3,2,157,52.333333333333336,16.833333333333332,9.326732673267328
K Rabada,63,23,188,186,9,13.285714285714286,44,98.93617021276596,63,188,108,4,2023,18.73148148148148,249.66666666666663,8.102803738317757
K Santokie,2,0,0,0,0,0.0,0,0.0,2,0,3,2,91,30.33333333333333,8.5,10.705882352941176
K Upadhyay,3,2,9,12,2,inf,11,133.33333333333331,3,9,0,0,81,inf,9.333333333333334,8.678571428571429
K Yadav,1,1,4,0,1,0.0,0,0.0,1,4,0,0,17,inf,2.0,8.5
KA Jamieson,9,7,55,65,4,21.666666666666668,16,118.1818181818182,9,55,9,3,271,30.11111111111111,29.83333333333333,9.083798882681563
KA Pollard,179,168,2447,3437,39,26.643410852713178,87,140.45770331017573,107,2447,81,4,2200,27.160493827160494,264.3333333333333,8.32282471626734
KAJ Roach,2,1,9,10,0,10.0,10,111.11111111111111,2,9,0,0,80,inf,8.666666666666666,9.230769230769232
KB Arun Karthik,8,8,53,51,3,10.2,19,96.22641509433964,0,53,0,0,0,0.0,0.0,0.0
KC Cariappa,11,5,21,24,2,8.0,12,114.28571428571428,11,21,8,2,349,43.625,37.333333333333336,9.348214285714285
KC Sangakkara,68,68,1424,1687,-1,24.44927536231884,94,118.4691011235955,0,1424,0,0,0,0.0,0.0,0.0
KD Karthik,207,207,3386,4377,39,26.053571428571427,97,129.26757235676314,0,3386,0,0,0,0.0,0.0,0.0
KH Pandya,98,82,1003,1326,24,22.86206896551724,86,132.20338983050848,93,1003,65,4,2066,31.784615384615385,287.5,7.18608695652174
KJ Abbott,5,3,8,13,2,13.0,12,162.5,5,8,2,1,182,91.0,17.0,10.705882352941176
KK Ahmed,34,5,7,1,0,0.2,1,14.285714285714285,34,7,51,3,1116,21.88235294117647,134.83333333333334,8.276885043263288
KK Cooper,25,12,70,116,3,12.88888888888889,32,165.71428571428572,25,70,36,4,789,21.916666666666668,100.0,7.89
KK Nair,68,68,1192,1496,3,23.015384615384612,83,125.503355704698,0,1192,0,0,0,0.0,0.0,0.0
KL Nagarkoti,12,7,34,22,3,5.5,8,64.70588235294117,11,34,5,2,287,57.4,30.83333333333333,9.308108108108108
KL Rahul,99,99,2933,3895,15,46.36904761904762,132,132.79918172519604,0,2933,0,0,0,0.0,0.0,0.0
KM Asif,3,0,0,0,0,0.0,0,0.0,3,0,4,2,93,23.25,8.666666666666666,10.730769230769232
KM Jadhav,80,80,1002,1196,26,22.14814814814815,69,119.36127744510978,0,1002,0,0,0,0.0,0.0,0.0
KMA Paul,8,5,26,18,1,4.5,7,69.23076923076923,8,26,10,4,239,23.9,30.0,7.966666666666667
KMDN Kulasekara,5,1,3,5,1,inf,5,166.66666666666669,5,3,6,2,122,20.33333333333333,17.833333333333332,6.841121495327103
KP Appanna,13,3,4,2,2,2.0,1,50.0,13,4,11,4,291,26.454545454545453,37.0,7.864864864864865
KP Pietersen,36,36,758,1001,7,34.51724137931034,103,132.05804749340368,13,758,9,2,218,24.22222222222222,30.0,7.266666666666667
KR Sen,7,1,3,0,1,0.0,0,0.0,7,3,8,4,240,30.0,26.166666666666668,9.171974522292992
KS Bharat,8,8,168,199,1,28.428571428571427,78,118.45238095238096,0,168,0,0,0,0.0,0.0,0.0
KS Sharma,1,1,4,4,0,4.0,4,100.0,0,4,0,0,0,0.0,0.0,0.0
KS Williamson,74,74,1707,2105,17,36.92982456140351,89,123.31575864089046,2,1707,0,0,31,inf,3.0,10.333333333333334
KV Sharma,67,34,285,317,13,15.095238095238097,39,111.2280701754386,66,285,64,5,1645,25.703125,206.5,7.966101694915254
KW Richardson,15,4,39,36,1,12.0,26,92.3076923076923,15,39,21,4,479,22.80952380952381,57.5,8.330434782608696
Kamran Akmal,6,6,78,128,2,32.0,53,164.1025641025641,0,78,0,0,0,0.0,0.0,0.0
Kamran Khan,9,1,5,3,0,3.0,3,60.0,9,5,14,5,248,17.714285714285715,29.5,8.40677966101695
Karanveer Singh,9,4,17,12,3,12.0,5,70.58823529411765,9,17,14,4,323,23.071428571428573,35.5,9.098591549295774
Kartik Tyagi,16,6,16,13,2,3.25,7,81.25,16,16,15,2,576,38.4,64.66666666666667,8.90721649484536
Kuldeep Yadav,59,17,130,105,12,21.0,16,80.76923076923077,57,130,64,4,1671,26.109375,203.16666666666663,8.224774405250205
L Ablish,3,1,2,0,1,0.0,0,0.0,3,2,5,3,76,15.2,7.5,10.133333333333333
L Balaji,73,13,50,36,6,5.142857142857143,15,72.0,73,50,85,5,2083,24.50588235294118,262.3333333333333,7.940279542566709
L Ngidi,14,0,0,0,0,0.0,0,0.0,14,0,28,4,460,16.428571428571427,57.0,8.070175438596491
L Ronchi,5,5,37,34,2,11.333333333333334,13,91.8918918918919,0,37,0,0,0,0.0,0.0,0.0
LA Carseldine,5,5,71,81,2,27.0,39,114.08450704225352,1,71,1,1,6,6.0,1.1666666666666667,5.142857142857142
LA Pomersbach,16,16,251,302,5,27.454545454545453,79,120.3187250996016,0,251,0,0,0,0.0,0.0,0.0
LE Plunkett,7,2,3,1,1,1.0,1,33.33333333333333,7,3,4,3,228,57.0,25.666666666666668,8.883116883116882
LH Ferguson,35,6,47,67,3,22.33333333333333,24,142.5531914893617,35,47,46,5,1093,23.76086956521739,134.16666666666666,8.146583850931677
LI Meriwala,1,0,0,0,0,0.0,0,0.0,1,0,1,1,32,32.0,3.1666666666666665,10.105263157894738
LJ Wright,7,5,63,106,1,26.5,44,168.25396825396825,6,63,2,1,125,62.5,12.5,10.0
LMP Simmons,29,29,878,1079,2,39.96296296296296,100,122.89293849658314,1,878,1,1,34,34.0,3.0,11.333333333333334
LPC Silva,3,3,27,40,1,20.0,23,148.14814814814815,1,27,0,0,21,inf,1.0,21.0
LR Shukla,43,33,358,405,4,13.96551724137931,48,113.12849162011172,27,358,17,3,458,26.94117647058824,54.333333333333336,8.429447852760736
LRPL Taylor,54,54,847,1017,13,24.804878048780488,81,120.07083825265644,2,847,0,0,24,inf,2.1666666666666665,11.076923076923078
LS Livingstone,23,23,352,549,3,27.45,70,155.9659090909091,13,352,6,3,215,35.833333333333336,25.0,8.6
Lalit Yadav,17,13,227,229,5,28.625,48,100.88105726872249,13,227,8,2,253,31.625,32.333333333333336,7.824742268041237
M Ashwin,42,12,50,35,4,4.375,9,70.0,42,50,35,3,1129,32.25714285714286,145.5,7.759450171821306
M Jansen,10,4,11,9,1,3.0,8,81.81818181818183,10,11,10,3,325,32.5,40.16666666666666,8.091286307053942
M Kaif,22,22,258,259,6,16.1875,34,100.3875968992248,0,258,0,0,0,0.0,0.0,0.0
M Kartik,55,14,109,113,7,16.142857142857142,21,103.6697247706422,55,109,39,4,1418,36.35897435897436,197.0,7.197969543147208
M Klinger,4,4,78,73,0,18.25,29,93.5897435897436,0,78,0,0,0,0.0,0.0,0.0
M Manhas,38,38,486,514,14,21.416666666666668,42,105.76131687242798,3,486,0,0,42,inf,7.0,6.0
M Markande,20,7,30,27,4,9.0,7,90.0,20,30,17,4,522,30.705882352941178,60.833333333333336,8.580821917808219
M Morkel,70,20,93,126,9,11.454545454545457,23,135.48387096774192,70,93,88,4,2136,24.272727272727277,283.1666666666667,7.543260741612713
M Muralitharan,66,9,30,20,3,3.333333333333333,6,66.66666666666666,66,30,67,4,1765,26.34328358208955,263.5,6.698292220113852
M Ntini,9,2,19,11,1,11.0,11,57.89473684210527,9,19,8,4,257,32.125,35.5,7.23943661971831
M Pathirana,2,0,0,0,0,0.0,0,0.0,2,0,2,2,56,28.0,8.0,7.0
M Prasidh Krishna,51,7,24,9,5,4.5,4,37.5,51,24,54,5,1741,32.24074074074074,205.16666666666663,8.48578391551584
M Rawat,11,11,70,55,6,11.0,23,78.57142857142857,0,70,0,0,0,0.0,0.0,0.0
M Shahrukh Khan,18,18,236,270,5,20.76923076923077,47,114.40677966101696,0,236,0,0,0,0.0,0.0,0.0
M Theekshana,9,2,7,7,1,7.0,7,100.0,9,7,12,4,267,22.25,35.333333333333336,7.556603773584905
M Vijay,105,105,2208,2619,8,27.0,127,118.61413043478262,4,2208,0,0,49,inf,6.166666666666667,7.945945945945946
M Vohra,50,50,852,1073,3,22.829787234042552,95,125.93896713615024,0,852,0,0,0,0.0,0.0,0.0
M de Lange,5,1,2,1,0,1.0,1,50.0,5,2,6,3,171,28.5,19.33333333333333,8.844827586206897
MA Agarwal,107,107,1803,2335,5,22.892156862745097,106,129.5063782584581,0,1803,0,0,0,0.0,0.0,0.0
MA Khote,3,3,22,24,1,12.0,9,109.09090909090908,2,22,2,2,52,26.0,5.0,10.4
MA Starc,26,11,98,96,5,16.0,29,97.95918367346938,26,98,39,4,725,18.58974358974359,102.0,7.107843137254902
MA Wood,1,1,5,1,0,1.0,1,20.0,1,5,0,0,50,inf,4.166666666666667,12.0
MB Parmar,1,0,0,0,0,0.0,0,0.0,1,0,0,0,33,inf,3.1666666666666665,10.421052631578949
MC Henriques,62,54,801,1000,16,26.31578947368421,74,124.84394506866415,60,801,46,3,1302,28.30434782608696,163.16666666666666,7.979570990806946
MC Juneja,7,7,134,125,0,17.857142857142858,49,93.28358208955224,0,134,0,0,0,0.0,0.0,0.0
MD Mishra,17,17,213,237,2,15.8,41,111.26760563380284,0,213,0,0,0,0.0,0.0,0.0
MDKJ Perera,2,2,13,14,0,7.0,14,107.6923076923077,0,13,0,0,0,0.0,0.0,0.0
MEK Hussey,58,58,1648,1977,6,38.01923076923077,116,119.96359223300972,0,1648,0,0,0,0.0,0.0,0.0
MF Maharoof,20,14,124,177,4,17.7,39,142.74193548387098,20,124,33,4,532,16.12121212121212,73.5,7.238095238095238
MG Johnson,54,28,168,167,14,11.928571428571429,16,99.40476190476193,54,168,66,4,1740,26.363636363636363,216.83333333333331,8.024596464258263
MG Neser,1,0,0,0,0,0.0,0,0.0,1,0,0,0,62,inf,4.166666666666667,14.88
MJ Clarke,6,6,96,98,0,16.333333333333332,41,102.08333333333331,5,96,3,1,72,24.0,11.0,6.545454545454546
MJ Guptill,13,13,197,271,1,22.58333333333333,50,137.56345177664974,0,197,0,0,0,0.0,0.0,0.0
MJ Henry,2,0,0,0,0,0.0,0,0.0,2,0,2,2,71,35.5,5.166666666666667,13.741935483870966
MJ Lumb,12,12,198,278,2,27.8,83,140.4040404040404,0,198,0,0,0,0.0,0.0,0.0
MJ McClenaghan,56,20,73,85,9,7.727272727272727,20,116.43835616438356,56,73,75,4,1839,24.52,224.33333333333331,8.197622585438335
MJ Santner,12,6,55,54,3,18.0,22,98.1818181818182,12,55,10,2,282,28.2,40.66666666666666,6.9344262295081975
MK Lomror,17,15,214,267,2,20.53846153846154,47,124.76635514018692,8,214,1,1,92,92.0,12.166666666666666,7.561643835616438
MK Pandey,148,148,3106,3657,26,29.975409836065573,114,117.73985833869928,0,3106,0,0,0,0.0,0.0,0.0
MK Tiwary,85,83,1489,1695,22,27.78688524590164,75,113.83478844862324,6,1489,1,1,83,83.0,7.5,11.066666666666666
ML Hayden,32,32,839,1107,4,39.535714285714285,93,131.94278903456495,0,839,0,0,0,0.0,0.0,0.0
MM Ali,44,42,652,910,5,24.594594594594597,93,139.57055214723923,37,652,29,4,631,21.75862068965517,94.0,6.712765957446808
MM Patel,63,12,41,39,7,7.8,23,95.1219512195122,63,41,82,5,1733,21.134146341463413,230.33333333333331,7.523878437047757
MM Sharma,86,25,120,122,11,8.714285714285714,21,101.66666666666666,86,120,100,5,2488,24.88,299.1666666666667,8.316434540389972
MN Samuels,15,14,174,161,2,13.416666666666666,46,92.52873563218392,11,174,10,3,285,28.5,36.5,7.808219178082192
MN van Wyk,5,5,135,167,2,55.66666666666666,74,123.7037037037037,0,135,0,0,0,0.0,0.0,0.0
MP Stoinis,67,59,813,1070,18,26.09756097560976,65,131.61131611316114,50,813,35,4,1072,30.62857142857143,112.5,9.528888888888888
MR Marsh,29,23,394,476,3,23.8,89,120.81218274111676,23,394,24,4,528,22.0,67.83333333333333,7.783783783783784
MS Bisla,39,39,737,798,2,21.56756756756757,92,108.27679782903662,0,737,0,0,0,0.0,0.0,0.0
MS Dhoni,205,205,3802,4978,63,35.056338028169016,84,130.93108890057866,0,3802,0,0,0,0.0,0.0,0.0
MS Gony,44,15,76,99,6,11.0,42,130.26315789473685,44,76,39,3,1317,33.76923076923077,154.16666666666666,8.542702702702703
MS Wade,13,13,178,179,1,14.916666666666666,35,100.561797752809,0,178,0,0,0,0.0,0.0,0.0
MV Boucher,23,23,318,394,8,26.266666666666666,50,123.89937106918238,0,318,0,0,0,0.0,0.0,0.0
Mandeep Singh,94,94,1402,1692,12,20.634146341463413,77,120.68473609129816,2,1402,0,0,26,inf,2.0,13.0
Mashrafe Mortaza,1,1,2,2,1,inf,2,100.0,1,2,1,1,59,59.0,4.666666666666667,12.642857142857142
Misbah-ul-Haq,8,8,82,117,-1,13.0,47,142.6829268292683,0,82,0,0,0,0.0,0.0,0.0
Mohammad Ashraful,1,1,12,2,0,2.0,2,16.666666666666664,0,12,0,0,0,0.0,0.0,0.0
Mohammad Asif,8,2,6,3,0,1.5,3,50.0,8,6,9,2,307,34.111111111111114,33.166666666666664,9.256281407035177
Mohammad Hafeez,8,8,84,64,0,8.0,16,76.19047619047619,4,84,2,1,71,35.5,10.5,6.761904761904762
Mohammad Nabi,17,14,126,186,1,14.307692307692308,37,147.61904761904762,17,126,13,4,417,32.07692307692308,57.5,7.252173913043478
Mohammed Shami,93,21,74,69,10,6.2727272727272725,21,93.24324324324324,93,74,116,4,2954,25.46551724137931,353.0,8.36827195467422
Mohammed Siraj,65,17,111,96,9,12.0,14,86.48648648648648,65,111,61,4,1992,32.65573770491803,233.66666666666663,8.524964336661911
Mohsin Khan,9,3,19,23,2,23.0,13,121.05263157894736,9,19,14,4,202,14.428571428571429,34.333333333333336,5.883495145631067
Monu Kumar,1,0,0,0,0,0.0,0,0.0,1,0,0,0,20,inf,2.6666666666666665,7.5
Mujeeb Ur Rahman,19,6,15,12,3,4.0,10,80.0,19,15,20,3,598,29.9,75.33333333333333,7.938053097345133
Mukesh Choudhary,13,2,6,6,2,inf,4,100.0,13,6,16,4,425,26.5625,48.5,8.762886597938145
Mustafizur Rahman,46,5,22,12,4,12.0,8,54.54545454545454,46,22,55,3,1389,25.25454545454545,181.0,7.6740331491712706
N Jagadeesan,4,4,71,73,1,24.33333333333333,39,102.8169014084507,0,71,0,0,0,0.0,0.0,0.0
N Pooran,43,43,630,912,6,24.64864864864865,77,144.76190476190476,0,630,0,0,0,0.0,0.0,0.0
N Rana,87,85,1677,2181,6,27.60759493670886,87,130.05366726296958,18,1677,7,2,178,25.428571428571427,21.83333333333333,8.15267175572519
N Saini,10,10,143,140,-1,12.727272727272728,50,97.9020979020979,0,143,0,0,0,0.0,0.0,0.0
NB Singh,2,0,0,0,0,0.0,0,0.0,2,0,1,1,18,18.0,4.166666666666667,4.319999999999999
ND Doshi,4,1,13,0,0,0.0,0,0.0,4,13,2,1,79,39.5,9.5,8.31578947368421
NJ Maddinson,3,3,21,20,0,6.666666666666667,12,95.23809523809524,0,21,0,0,0,0.0,0.0,0.0
NJ Rimmington,1,1,1,1,1,inf,1,100.0,1,1,0,0,20,inf,3.0,6.666666666666667
NK Patel,6,6,124,121,1,24.2,57,97.58064516129032,0,124,0,0,0,0.0,0.0,0.0
NL McCullum,2,2,23,26,-1,8.666666666666666,15,113.04347826086956,2,23,0,0,35,inf,5.0,7.0
NLTC Perera,37,30,326,424,6,17.666666666666668,40,130.06134969325154,36,326,37,3,1031,27.864864864864863,119.16666666666669,8.651748251748252
NM Coulter-Nile,38,16,75,82,6,8.2,24,109.33333333333331,38,75,52,4,1125,21.634615384615383,148.66666666666666,7.567264573991032
NS Naik,4,4,53,31,0,7.75,22,58.490566037735846,0,53,0,0,0,0.0,0.0,0.0
NT Ellis,5,3,19,18,1,9.0,12,94.73684210526316,5,19,5,4,148,29.6,18.0,8.222222222222221
NV Ojha,94,94,1360,1554,20,21.0,94,114.26470588235291,0,1360,0,0,0,0.0,0.0,0.0
Navdeep Saini,30,7,38,33,3,8.25,12,86.8421052631579,30,38,23,2,928,40.34782608695652,109.5,8.474885844748858
O Thomas,4,0,0,0,0,0.0,0,0.0,4,0,5,2,85,17.0,10.5,8.095238095238095
OA Shah,22,22,405,506,9,38.92307692307692,76,124.93827160493828,0,405,0,0,0,0.0,0.0,0.0
OC McCoy,7,1,5,8,1,inf,8,160.0,7,5,11,3,242,22.0,28.83333333333333,8.39306358381503
OF Smith,6,6,50,51,3,17.0,25,102.0,6,50,7,4,179,25.571428571428573,15.833333333333334,11.305263157894736
P Amarnath,6,0,0,0,0,0.0,0,0.0,6,0,7,2,241,34.42857142857143,22.0,10.954545454545457
P Awana,33,5,14,5,2,1.6666666666666667,4,35.714285714285715,33,14,43,4,1046,24.32558139534884,129.0,8.108527131782946
P Chopra,1,1,6,8,0,8.0,8,133.33333333333331,0,6,0,0,0,0.0,0.0,0.0
P Dogra,12,12,141,127,0,10.583333333333334,41,90.0709219858156,0,141,0,0,0,0.0,0.0,0.0
P Dubey,3,1,13,7,1,inf,7,53.84615384615385,3,13,0,0,72,inf,8.0,9.0
P Kumar,119,57,323,340,23,10.0,34,105.26315789473684,119,323,102,3,3342,32.76470588235294,439.5,7.604095563139932
P Negi,46,35,301,365,9,14.038461538461538,36,121.2624584717608,42,301,38,4,954,25.105263157894736,122.16666666666669,7.80900409276944
P Parameswaran,8,2,3,1,2,inf,1,33.33333333333333,8,3,9,3,226,25.11111111111111,26.5,8.528301886792454
P Prasanth,1,0,0,0,0,0.0,0,0.0,1,0,0,0,18,inf,1.0,18.0
P Ray Barman,1,1,25,19,0,19.0,19,76.0,1,25,0,0,56,inf,4.0,14.0
P Sahu,5,2,13,19,2,inf,18,146.15384615384613,5,13,3,2,152,50.66666666666666,17.833333333333332,8.52336448598131
P Simran Singh,6,6,67,64,0,10.666666666666666,16,95.52238805970148,0,67,0,0,0,0.0,0.0,0.0
P Suyal,5,0,0,0,0,0.0,0,0.0,5,0,2,1,154,77.0,17.833333333333332,8.63551401869159
PA Patel,136,136,2442,2848,9,22.4251968503937,81,116.62571662571663,0,2442,0,0,0,0.0,0.0,0.0
PA Reddy,10,10,167,164,0,16.4,42,98.20359281437123,0,167,0,0,0,0.0,0.0,0.0
PBB Rajapaksa,9,9,137,206,0,22.88888888888889,43,150.36496350364962,0,137,0,0,0,0.0,0.0,0.0
PC Valthaty,23,23,432,505,1,22.954545454545453,120,116.89814814814814,10,432,7,4,207,29.571428571428573,25.5,8.117647058823529
PD Collingwood,7,7,159,203,3,50.75,75,127.67295597484276,6,159,5,2,101,20.2,15.0,6.733333333333333
PH Solanki,2,0,0,0,0,0.0,0,0.0,2,0,2,2,39,19.5,6.0,6.5
PJ Cummins,42,29,260,379,7,17.227272727272727,66,145.76923076923077,42,260,48,4,1405,29.27083333333333,165.83333333333334,8.472361809045225
PJ Sangwan,42,14,47,26,6,3.25,6,55.319148936170215,42,47,44,3,1267,28.795454545454547,150.83333333333334,8.4
PK Garg,17,17,224,251,1,15.6875,51,112.05357142857142,0,224,0,0,0,0.0,0.0,0.0
PM Sarvesh Kumar,2,1,2,1,1,inf,1,50.0,2,2,1,1,42,42.0,5.166666666666667,8.129032258064516
PN Mankad,1,1,1,4,1,inf,4,400.0,0,1,0,0,0,0.0,0.0,0.0
PP Chawla,165,76,543,584,25,11.450980392156865,24,107.55064456721914,164,543,165,4,4368,26.472727272727276,551.5,7.920217588395285
PP Ojha,90,19,45,16,9,1.6,3,35.55555555555556,90,45,99,4,2399,24.232323232323232,324.1666666666667,7.40051413881748
PP Shaw,63,63,1106,1588,2,26.0327868852459,99,143.58047016274864,0,1106,0,0,0,0.0,0.0,0.0
PR Shah,9,9,97,92,1,11.5,29,94.84536082474226,0,97,0,0,0,0.0,0.0,0.0
PSP Handscomb,1,1,12,6,0,6.0,6,50.0,0,12,0,0,0,0.0,0.0,0.0
PV Tambe,33,6,39,18,5,18.0,7,46.15384615384615,33,39,28,4,866,30.928571428571427,112.33333333333331,7.70919881305638
PVD Chameera,12,7,32,43,4,14.333333333333334,17,134.375,12,32,11,3,393,35.72727272727273,46.333333333333336,8.482014388489208
PWH de Silva,18,9,50,39,1,4.875,18,78.0,18,50,27,5,499,18.48148148148148,63.66666666666666,7.837696335078534
Pankaj Singh,17,5,12,7,3,3.5,4,58.333333333333336,17,12,11,2,472,42.90909090909091,51.833333333333336,9.106109324758842
Parvez Rasool,11,4,20,17,2,8.5,10,85.0,11,20,4,1,273,68.25,33.333333333333336,8.19
Q de Kock,92,92,2113,2767,6,32.174418604651166,140,130.9512541410317,0,2113,0,0,0,0.0,0.0,0.0
R Ashwin,181,72,567,647,24,13.479166666666666,50,114.10934744268076,181,567,174,5,4596,26.41379310344828,670.6666666666666,6.852882703777336
R Bhatia,94,47,290,342,18,11.79310344827586,26,117.9310344827586,91,290,82,4,2059,25.10975609756097,276.8333333333333,7.437688139674895
R Bishnoi,3,3,17,19,0,6.333333333333333,18,111.76470588235294,0,17,0,0,0,0.0,0.0,0.0
R Dhawan,31,20,176,190,11,21.11111111111111,25,107.95454545454544,31,176,26,2,819,31.5,105.33333333333331,7.775316455696203
R Dravid,82,82,1918,2174,5,28.233766233766232,75,113.34723670490096,0,1918,0,0,0,0.0,0.0,0.0
R McLaren,18,13,178,159,5,19.875,51,89.32584269662921,18,178,14,3,558,39.85714285714285,62.0,9.0
R Ninan,2,1,6,3,0,3.0,3,50.0,2,6,3,2,65,21.666666666666668,6.0,10.833333333333334
R Parag,40,37,434,522,8,18.0,56,120.27649769585254,19,434,5,1,280,56.0,27.0,10.37037037037037
R Powell,12,12,174,250,1,22.727272727272727,67,143.67816091954023,1,174,0,0,17,inf,1.1666666666666667,14.571428571428571
R Rampaul,12,7,52,51,2,10.2,23,98.07692307692308,12,52,17,3,319,18.764705882352946,46.333333333333336,6.884892086330935
R Sai Kishore,5,0,0,0,0,0.0,0,0.0,5,0,6,2,122,20.33333333333333,16.333333333333332,7.469387755102042
R Sanjay Yadav,1,1,2,0,0,0.0,0,0.0,1,2,0,0,23,inf,2.333333333333333,9.857142857142856
R Sathish,27,24,236,270,8,16.875,27,114.40677966101696,14,236,6,2,233,38.833333333333336,24.0,9.708333333333334
R Sharma,44,19,77,66,8,6.0,14,85.71428571428571,44,77,42,3,1100,26.19047619047619,155.83333333333334,7.0588235294117645
R Shepherd,3,3,43,58,0,19.33333333333333,26,134.88372093023256,3,43,4,3,98,24.5,9.5,10.31578947368421
R Shukla,7,4,23,19,2,9.5,14,82.6086956521739,7,23,7,2,217,31.0,21.666666666666668,10.015384615384615
R Tewatia,60,46,588,738,15,23.806451612903224,53,125.51020408163264,50,588,36,3,1102,30.61111111111111,142.0,7.76056338028169
R Vinay Kumar,104,42,289,310,16,11.923076923076923,26,107.26643598615917,104,289,127,5,3041,23.944881889763774,364.3333333333333,8.346752058554438
RA Bawa,2,2,14,11,0,5.5,11,78.57142857142857,0,14,0,0,0,0.0,0.0,0.0
RA Jadeja,202,157,2049,2502,57,25.02,62,122.10834553440704,181,2049,141,5,4114,29.177304964539008,543.6666666666666,7.5671367259350095
RA Shaikh,1,0,0,0,0,0.0,0,0.0,1,0,0,0,11,inf,1.0,11.0
RA Tripathi,74,74,1312,1798,10,28.09375,93,137.04268292682926,1,1312,0,0,12,inf,1.0,12.0
RD Chahar,54,18,102,108,5,8.307692307692308,25,105.88235294117648,54,102,58,4,1497,25.810344827586206,201.16666666666663,7.441590720795361
RD Gaikwad,36,36,945,1207,4,37.71875,101,127.72486772486774,0,945,0,0,0,0.0,0.0,0.0
RE Levi,6,6,74,83,0,13.833333333333334,50,112.16216216216218,0,74,0,0,0,0.0,0.0,0.0
RE van der Merwe,21,15,144,159,3,13.25,35,110.41666666666669,21,144,25,3,515,20.6,75.83333333333333,6.791208791208792
RG More,2,1,2,2,1,inf,2,100.0,2,2,1,1,63,63.0,6.166666666666667,10.216216216216216
RG Sharma,221,221,4632,5881,18,28.97044334975369,109,126.96459412780656,32,4632,16,4,462,28.875,58.16666666666666,7.94269340974212
RJ Harris,37,21,112,117,9,9.75,17,104.46428571428572,37,112,47,4,1085,23.08510638297872,144.16666666666666,7.526011560693642
RJ Peterson,5,5,32,32,2,10.666666666666666,16,100.0,4,32,3,3,70,23.33333333333333,8.0,8.75
RJ Quiney,7,7,105,103,0,14.714285714285714,51,98.09523809523807,0,105,0,0,0,0.0,0.0,0.0
RK Bhui,2,2,18,7,0,3.5,7,38.88888888888889,0,18,0,0,0,0.0,0.0,0.0
RK Singh,15,15,204,251,3,20.916666666666668,42,123.03921568627452,0,204,0,0,0,0.0,0.0,0.0
RM Patidar,11,11,297,404,1,40.4,112,136.02693602693603,0,297,0,0,0,0.0,0.0,0.0
RN ten Doeschate,23,21,238,326,4,19.176470588235293,70,136.9747899159664,10,238,3,1,94,31.33333333333333,13.833333333333334,6.795180722891566
RP Meredith,13,1,1,0,0,0.0,0,0.0,13,1,14,3,412,29.428571428571427,48.16666666666666,8.55363321799308
RP Singh,82,28,78,52,13,3.466666666666667,10,66.66666666666666,82,78,100,5,2417,24.17,312.3333333333333,7.738527214514408
RR Bhatkal,1,1,2,0,-1,0.0,0,0.0,1,2,0,0,35,inf,2.0,17.5
RR Bose,1,0,0,0,0,0.0,0,0.0,1,0,0,0,24,inf,2.0,12.0
RR Pant,97,97,2000,2851,12,33.54117647058823,128,142.55,0,2000,0,0,0,0.0,0.0,0.0
RR Powar,26,9,64,67,6,22.33333333333333,28,104.6875,26,64,15,2,538,35.86666666666667,73.83333333333333,7.286681715575622
RR Raje,10,5,18,20,4,20.0,11,111.11111111111111,10,18,7,2,214,30.571428571428573,24.0,8.916666666666666
RR Rossouw,5,5,51,53,-1,8.833333333333334,24,103.921568627451,0,51,0,0,0,0.0,0.0,0.0
RR Sarwan,4,4,78,73,1,24.33333333333333,31,93.5897435897436,0,78,0,0,0,0.0,0.0,0.0
RS Bopara,24,22,468,531,3,27.94736842105263,84,113.46153846153844,14,468,13,3,301,23.153846153846157,35.5,8.47887323943662
RS Gavaskar,2,1,8,2,0,2.0,2,25.0,1,8,0,0,8,inf,1.0,8.0
RS Sodhi,1,1,2,4,1,inf,4,200.0,0,2,0,0,0,0.0,0.0,0.0
RT Ponting,9,9,129,91,1,11.375,28,70.54263565891473,0,129,0,0,0,0.0,0.0,0.0
RV Gomez,13,9,53,50,2,7.142857142857143,26,94.33962264150944,9,53,6,2,130,21.666666666666668,16.166666666666668,8.041237113402062
RV Patel,3,3,32,31,1,15.5,18,96.875,1,32,0,0,22,inf,3.333333333333333,6.6
RV Uthappa,197,197,3927,4954,13,26.92391304347826,88,126.15227909345556,0,3927,0,0,0,0.0,0.0,0.0
RW Price,1,0,0,0,0,0.0,0,0.0,1,0,0,0,33,inf,3.0,11.0
Ramandeep Singh,5,4,42,45,2,22.5,14,107.14285714285714,3,42,6,3,55,9.166666666666666,6.833333333333333,8.048780487804878
Rashid Khan,92,41,214,313,13,11.178571428571429,40,146.26168224299064,92,214,119,5,2411,20.26050420168067,372.0,6.481182795698925
Rasikh Salam,3,2,10,12,1,12.0,7,120.0,3,10,0,0,70,inf,8.5,8.235294117647058
Ravi Bishnoi,37,4,18,8,2,4.0,6,44.44444444444444,37,18,41,3,1083,26.414634146341463,146.33333333333334,7.400911161731207
S Anirudha,12,12,121,136,4,17.0,64,112.39669421487604,0,121,0,0,0,0.0,0.0,0.0
S Aravind,38,10,59,59,7,19.666666666666668,14,100.0,38,59,48,4,1057,22.02083333333333,131.33333333333334,8.048223350253807
S Badree,12,5,25,13,0,2.6,8,52.0,12,25,11,4,329,29.90909090909091,43.833333333333336,7.505703422053232
S Badrinath,65,65,1245,1441,17,30.02083333333333,71,115.7429718875502,0,1245,0,0,0,0.0,0.0,0.0
S Chanderpaul,3,3,33,25,0,8.333333333333334,16,75.75757575757575,0,33,0,0,0,0.0,0.0,0.0
S Dhawan,205,205,5083,6244,26,34.88268156424581,106,122.84084202242772,6,5083,4,1,72,18.0,8.166666666666666,8.816326530612246
S Dube,34,33,541,688,5,24.571428571428573,95,127.17190388170056,13,541,5,3,176,35.2,18.5,9.513513513513514
S Gopal,48,22,173,180,9,13.846153846153848,24,104.04624277456648,48,173,50,4,1291,25.82,159.66666666666666,8.085594989561587
S Kaul,55,9,36,20,6,6.666666666666667,7,55.55555555555556,55,36,63,4,1772,28.126984126984127,206.33333333333331,8.588045234248789
S Kaushik,10,1,1,0,0,0.0,0,0.0,10,1,6,3,304,50.66666666666666,35.0,8.685714285714285
S Ladda,9,2,10,0,0,0.0,0,0.0,9,10,5,2,225,45.0,23.5,9.574468085106384
S Lamichhane,9,1,1,0,0,0.0,0,0.0,9,1,14,3,297,21.214285714285715,35.166666666666664,8.445497630331754
S Midhun,1,0,0,0,0,0.0,0,0.0,1,0,0,0,29,inf,2.1666666666666665,13.384615384615383
S Nadeem,71,20,88,39,4,2.4375,6,44.31818181818182,70,88,54,3,1800,33.333333333333336,240.66666666666663,7.4792243767313025
S Narwal,7,4,29,37,0,9.25,23,127.58620689655172,6,29,6,4,203,33.833333333333336,18.83333333333333,10.778761061946904
S Rana,8,8,82,91,3,18.2,19,110.97560975609755,3,82,0,0,18,inf,2.6666666666666665,6.75
S Randiv,8,1,4,2,0,2.0,2,50.0,8,4,8,2,223,27.875,30.0,7.433333333333334
S Sandeep Warrier,5,0,0,0,0,0.0,0,0.0,5,0,2,2,135,67.5,17.666666666666668,7.641509433962264
S Sohal,20,20,311,368,2,20.444444444444443,62,118.32797427652731,0,311,0,0,0,0.0,0.0,0.0
S Sreesanth,44,12,57,34,9,11.333333333333334,15,59.64912280701754,44,57,43,3,1221,28.3953488372093,157.83333333333334,7.736008447729672
S Sriram,2,2,38,31,0,15.5,27,81.57894736842105,2,38,0,0,49,inf,3.0,16.333333333333332
S Tyagi,14,1,4,3,1,inf,3,75.0,14,4,6,2,304,50.66666666666666,36.66666666666666,8.290909090909091
S Vidyut,8,8,115,145,0,18.125,54,126.08695652173914,1,115,1,1,22,22.0,2.1666666666666665,10.153846153846157
SA Abbott,3,3,18,22,1,11.0,14,122.22222222222224,3,18,1,1,104,104.0,9.833333333333334,10.576271186440678
SA Asnodkar,19,19,352,423,0,22.26315789473684,60,120.17045454545456,0,352,0,0,0,0.0,0.0,0.0
SA Yadav,109,108,1973,2644,20,30.045454545454547,82,134.0091231626964,1,1973,0,0,8,inf,1.0,8.0
SB Bangar,10,7,58,49,1,8.166666666666666,17,84.48275862068965,9,58,6,2,221,36.833333333333336,25.5,8.666666666666666
SB Jakati,57,5,30,28,3,14.0,13,93.33333333333331,57,30,50,4,1474,29.48,183.5,8.032697547683924
SB Joshi,4,2,16,6,0,3.0,3,37.5,4,16,1,1,82,82.0,9.166666666666666,8.945454545454545
SB Styris,12,10,134,131,3,18.714285714285715,36,97.76119402985076,11,134,9,3,278,30.88888888888889,37.0,7.513513513513513
SB Wagh,8,2,3,2,0,1.0,2,66.66666666666666,8,3,5,3,147,29.4,18.0,8.166666666666666
SC Ganguly,57,56,1326,1349,2,24.98148148148148,91,101.73453996983407,20,1326,12,3,370,30.83333333333333,46.66666666666666,7.928571428571429
SC Kuggeleijn,2,0,0,0,0,0.0,0,0.0,2,0,2,2,71,35.5,8.333333333333334,8.52
SD Chitnis,9,8,92,99,1,14.142857142857142,38,107.6086956521739,2,92,2,2,62,31.0,6.333333333333333,9.789473684210527
SD Lad,1,1,13,15,0,15.0,15,115.38461538461536,0,13,0,0,0,0.0,0.0,0.0
SE Bond,8,1,2,1,0,1.0,1,50.0,8,2,9,2,225,25.0,31.83333333333333,7.068062827225131
SE Marsh,69,69,1913,2489,4,38.292307692307695,115,130.10977522216413,0,1913,0,0,0,0.0,0.0,0.0
SE Rutherford,9,9,107,106,2,15.142857142857142,28,99.06542056074768,6,107,1,1,60,60.0,7.666666666666667,7.826086956521739
SJ Srivastava,14,4,5,5,3,5.0,3,100.0,14,5,15,2,444,29.6,51.0,8.705882352941176
SK Raina,200,200,4177,5536,32,32.95238095238095,100,132.53531242518554,69,4177,30,2,1139,37.96666666666667,155.0,7.348387096774194
SK Trivedi,76,14,61,42,6,5.25,9,68.85245901639344,75,61,73,4,1944,26.63013698630137,259.5,7.491329479768786
SK Warne,55,27,219,198,8,10.421052631578949,34,90.41095890410958,54,219,60,4,1465,24.416666666666668,203.83333333333331,7.187244480784955
SL Malinga,122,20,103,88,8,7.333333333333333,17,85.43689320388349,122,103,188,5,3486,18.54255319148936,495.6666666666667,7.032952252858103
SM Boland,2,0,0,0,0,0.0,0,0.0,2,0,3,3,56,18.666666666666668,7.166666666666667,7.813953488372093
SM Curran,32,23,230,337,8,22.466666666666665,55,146.52173913043478,31,230,35,4,1005,28.714285714285715,113.5,8.854625550660794
SM Harwood,3,2,14,9,2,inf,6,64.28571428571429,3,14,3,2,74,24.666666666666668,11.166666666666666,6.626865671641792
SM Katich,11,11,191,241,1,24.1,75,126.1780104712042,0,191,0,0,0,0.0,0.0,0.0
SM Pollock,13,8,116,147,0,18.375,33,126.72413793103448,13,116,13,4,307,23.615384615384617,46.66666666666666,6.578571428571429
SMSM Senanayake,8,4,17,10,3,10.0,7,58.82352941176471,8,17,9,2,211,23.444444444444443,32.5,6.492307692307692
SN Khan,32,32,394,532,7,21.28,67,135.0253807106599,1,394,0,0,6,inf,0.3333333333333333,18.0
SN Thakur,74,23,138,173,9,12.357142857142858,29,125.36231884057972,74,138,88,4,2371,26.943181818181817,275.0,8.621818181818181
SO Hetmyer,43,43,577,831,17,31.96153846153846,75,144.0207972270364,0,577,0,0,0,0.0,0.0,0.0
SP Fleming,10,10,171,196,1,21.77777777777778,45,114.61988304093566,0,171,0,0,0,0.0,0.0,0.0
SP Goswami,21,21,307,293,1,14.65,52,95.43973941368078,0,307,0,0,0,0.0,0.0,0.0
SP Jackson,8,8,57,61,2,10.166666666666666,16,107.01754385964912,0,57,0,0,0,0.0,0.0,0.0
SP Narine,148,82,664,1025,18,16.015625,75,154.36746987951807,147,664,171,5,3907,22.84795321637427,586.0,6.667235494880546
SPD Smith,93,93,1999,2495,15,31.987179487179485,101,124.81240620310156,1,1999,0,0,5,inf,0.3333333333333333,15.0
SR Tendulkar,78,78,2044,2334,7,32.87323943661972,100,114.18786692759296,4,2044,0,0,59,inf,6.166666666666667,9.567567567567568
SR Watson,145,141,2892,3880,15,30.793650793650794,117,134.1632088520055,105,2892,107,4,2742,25.626168224299064,356.1666666666667,7.698642957416939
SS Agarwal,1,0,0,0,0,0.0,0,0.0,1,0,1,1,42,42.0,4.0,10.5
SS Cottrell,6,1,2,0,0,0.0,0,0.0,6,2,6,2,177,29.5,21.83333333333333,8.106870229007635
SS Iyer,100,100,2295,2780,7,29.892473118279568,96,121.13289760348584,1,2295,0,0,7,inf,1.0,7.0
SS Mundhe,1,0,0,0,0,0.0,0,0.0,1,0,1,1,6,6.0,1.1666666666666667,5.142857142857142
SS Prabhudessai,5,5,62,67,0,13.4,34,108.06451612903226,0,62,0,0,0,0.0,0.0,0.0
SS Sarkar,2,0,0,0,0,0.0,0,0.0,2,0,1,1,34,34.0,4.166666666666667,8.16
SS Shaikh,1,1,7,6,1,inf,6,85.71428571428571,0,7,0,0,0,0.0,0.0,0.0
SS Tiwary,73,73,1291,1494,23,29.88,61,115.72424477149497,0,1291,0,0,0,0.0,0.0,0.0
ST Jayasuriya,30,30,573,768,1,26.48275862068965,114,134.03141361256544,21,573,16,4,396,24.75,50.16666666666666,7.893687707641196
STR Binny,86,66,700,880,22,20.0,48,125.71428571428572,63,700,28,3,763,27.25,101.83333333333331,7.4926350245499185
SV Samson,133,133,2663,3526,14,29.630252100840337,119,132.40705970709726,0,2663,0,0,0,0.0,0.0,0.0
SW Billings,27,27,399,503,1,19.346153846153847,56,126.06516290726816,0,399,0,0,0,0.0,0.0,0.0
SW Tait,21,5,26,23,2,7.666666666666667,11,88.46153846153845,21,26,26,4,668,25.692307692307693,89.0,7.50561797752809
Sachin Baby,13,11,123,144,1,14.4,33,117.07317073170732,2,123,3,2,8,2.6666666666666665,1.6666666666666667,4.8
Salman Butt,7,7,172,193,0,27.571428571428573,73,112.2093023255814,0,172,0,0,0,0.0,0.0,0.0
Sandeep Sharma,104,23,66,52,18,10.4,9,78.78787878787878,104,66,123,4,3046,24.764227642276424,399.8333333333333,7.618174239266361
Shahbaz Ahmed,26,19,253,279,4,18.6,45,110.27667984189723,22,253,13,3,478,36.76923076923077,56.833333333333336,8.410557184750733
Shahid Afridi,10,9,46,81,1,10.125,33,176.08695652173913,10,46,9,3,237,26.33333333333333,30.83333333333333,7.686486486486487
Shakib Al Hasan,71,52,665,795,12,19.875,66,119.54887218045114,70,665,71,3,1864,26.253521126760564,252.5,7.3821782178217825
Shashank Singh,6,5,47,69,1,17.25,25,146.80851063829786,2,47,0,0,20,inf,2.1666666666666665,9.230769230769232
Shivam Mavi,32,11,58,51,2,5.666666666666667,20,87.93103448275862,32,58,33,4,958,29.03030303030303,114.5,8.366812227074236
Shivam Sharma,5,2,3,5,1,5.0,4,166.66666666666669,5,3,4,2,165,41.25,19.0,8.68421052631579
Shoaib Ahmed,7,3,6,1,1,0.5,1,16.666666666666664,7,6,5,2,154,30.8,17.166666666666668,8.970873786407767
Shoaib Akhtar,3,1,8,2,0,2.0,2,25.0,3,8,5,4,54,10.8,7.666666666666667,7.0434782608695645
Shoaib Malik,6,5,49,52,1,13.0,24,106.12244897959184,5,49,2,1,87,43.5,9.666666666666666,9.0
Shubman Gill,70,70,1555,1900,11,32.20338983050848,96,122.18649517684888,0,1555,0,0,0,0.0,0.0,0.0
Simarjeet Singh,6,3,8,7,2,7.0,3,87.5,6,8,4,2,143,35.75,18.83333333333333,7.592920353982302
Sohail Tanvir,11,5,31,36,2,12.0,13,116.12903225806453,11,31,24,6,275,11.458333333333334,44.16666666666666,6.226415094339623
Sunny Gupta,1,1,1,0,0,0.0,0,0.0,1,1,0,0,47,inf,3.1666666666666665,14.842105263157896
Sunny Singh,5,5,31,43,1,10.75,20,138.70967741935485,0,31,0,0,0,0.0,0.0,0.0
Swapnil Singh,5,3,20,12,0,4.0,10,60.0,5,20,1,1,90,90.0,10.166666666666666,8.852459016393443
T Banton,2,2,22,18,0,9.0,10,81.81818181818183,0,22,0,0,0,0.0,0.0,0.0
T Henderson,2,2,16,11,1,11.0,11,68.75,2,16,1,1,41,41.0,6.0,6.833333333333333
T Kohli,3,3,20,11,0,3.6666666666666665,7,55.00000000000001,0,20,0,0,0,0.0,0.0,0.0
T Natarajan,35,2,5,3,2,inf,3,60.0,35,5,43,3,1116,25.953488372093023,132.16666666666666,8.443883984867592
T Shamsi,5,1,4,2,1,inf,2,50.0,5,4,3,1,185,61.66666666666666,20.0,9.25
T Stubbs,2,2,4,2,1,2.0,2,50.0,0,4,0,0,0,0.0,0.0,0.0
T Taibu,3,3,26,31,0,10.333333333333334,15,119.23076923076924,0,26,0,0,0,0.0,0.0,0.0
T Thushara,6,4,19,12,2,6.0,8,63.1578947368421,6,19,10,4,164,16.4,24.0,6.833333333333333
TA Boult,78,14,49,53,9,10.6,17,108.16326530612244,78,49,99,4,2522,25.474747474747478,310.0,8.135483870967741
TD Paine,2,2,29,10,0,5.0,8,34.48275862068966,0,29,0,0,0,0.0,0.0,0.0
TG Southee,52,19,108,120,8,10.909090909090908,36,111.11111111111111,52,108,55,5,1695,30.818181818181817,204.33333333333331,8.2952691680261
TH David,9,9,94,187,2,26.714285714285715,46,198.93617021276597,0,94,0,0,0,0.0,0.0,0.0
TK Curran,13,10,108,127,5,25.4,54,117.59259259259258,13,108,13,3,432,33.23076923076923,42.0,10.285714285714286
TL Seifert,3,3,26,26,0,8.666666666666666,21,100.0,0,26,0,0,0,0.0,0.0,0.0
TL Suman,40,39,587,676,9,22.53333333333333,78,115.1618398637138,11,587,7,2,198,28.285714285714285,25.33333333333333,7.815789473684211
TM Dilshan,50,50,1047,1153,9,28.121951219512194,76,110.12416427889208,25,1047,5,1,368,73.6,45.833333333333336,8.02909090909091
TM Head,10,10,151,205,4,34.166666666666664,75,135.76158940397352,5,151,3,2,81,27.0,8.0,10.125
TM Srivastava,3,3,11,8,2,8.0,7,72.72727272727273,0,11,0,0,0,0.0,0.0,0.0
TP Sudhindra,3,0,0,0,0,0.0,0,0.0,3,0,1,1,137,137.0,12.333333333333334,11.108108108108109
TR Birt,5,5,59,75,0,15.0,27,127.1186440677966,0,59,0,0,0,0.0,0.0,0.0
TS Mills,10,5,14,8,1,2.0,6,57.14285714285714,10,14,11,3,349,31.727272727272727,36.333333333333336,9.605504587155965
TU Deshpande,7,2,12,21,1,21.0,20,175.0,7,12,4,2,260,65.0,25.5,10.196078431372548
Tejas Baroka,1,0,0,0,0,0.0,0,0.0,1,0,0,0,33,inf,3.5,9.428571428571429
Tilak Varma,14,14,313,397,4,39.7,61,126.8370607028754,2,313,0,0,13,inf,2.0,6.5
U Kaul,1,1,1,0,1,0.0,0,0.0,0,1,0,0,0,0.0,0.0,0.0
UA Birla,1,1,15,7,0,7.0,7,46.66666666666666,0,15,0,0,0,0.0,0.0,0.0
UBT Chand,20,20,314,300,0,15.0,58,95.54140127388536,0,314,0,0,0,0.0,0.0,0.0
UT Khawaja,6,6,105,127,1,25.4,30,120.95238095238096,0,105,0,0,0,0.0,0.0,0.0
UT Yadav,132,41,176,177,23,9.833333333333334,24,100.5681818181818,132,176,153,4,4041,26.41176470588235,490.8333333333333,8.232937181663837
Umar Gul,6,4,19,39,1,13.0,24,205.26315789473685,6,19,14,4,198,14.142857142857142,25.5,7.764705882352941
Umran Malik,17,4,8,4,3,4.0,3,50.0,17,8,25,5,551,22.04,64.66666666666667,8.52061855670103
V Kohli,216,215,5266,6634,22,34.373056994818654,113,125.9779718951766,26,5266,5,2,371,74.2,44.0,8.431818181818182
V Pratap Singh,9,1,1,0,0,0.0,0,0.0,9,1,12,3,300,25.0,35.166666666666664,8.530805687203792
V Sehwag,104,104,1833,2728,6,27.836734693877556,122,148.82705946535734,15,1833,6,2,236,39.333333333333336,23.0,10.26086956521739
V Shankar,47,41,616,731,11,24.366666666666667,63,118.66883116883118,22,616,12,2,344,28.666666666666668,43.0,8.0
VG Arora,5,4,14,5,2,2.5,2,35.714285714285715,5,14,4,2,165,41.25,18.33333333333333,9.0
VH Zol,2,2,26,29,0,14.5,16,111.53846153846156,0,26,0,0,0,0.0,0.0,0.0
VR Aaron,50,12,73,50,8,12.5,17,68.4931506849315,50,73,46,3,1527,33.19565217391305,177.5,8.60281690140845
VR Iyer,22,22,474,552,2,27.6,67,116.45569620253164,8,474,3,2,117,39.0,13.0,9.0
VRV Singh,18,2,3,4,1,4.0,4,133.33333333333331,18,3,16,3,549,34.3125,61.833333333333336,8.878706199460916
VS Malik,13,2,7,7,1,7.0,6,100.0,13,7,6,2,268,44.66666666666666,35.333333333333336,7.584905660377358
VS Yeligati,2,1,2,2,0,2.0,2,100.0,2,2,0,0,61,inf,5.333333333333333,11.4375
VVS Laxman,20,20,271,282,4,17.625,52,104.0590405904059,0,271,0,0,0,0.0,0.0,0.0
VY Mahesh,17,5,28,15,3,7.5,6,53.57142857142857,17,28,22,5,511,23.227272727272727,59.833333333333336,8.540389972144846
Virat Singh,2,2,26,15,-1,5.0,11,57.692307692307686,0,26,0,0,0,0.0,0.0,0.0
Vishnu Vinod,3,3,26,19,0,6.333333333333333,9,73.07692307692307,0,26,0,0,0,0.0,0.0,0.0
W Jaffer,8,8,129,130,1,18.571428571428573,50,100.7751937984496,0,129,0,0,0,0.0,0.0,0.0
WA Mota,10,8,76,56,3,11.2,25,73.68421052631578,7,76,4,1,98,24.5,12.5,7.84
WD Parnell,26,12,80,63,3,7.0,16,78.75,26,80,31,4,731,23.580645161290324,100.16666666666669,7.29783693843594
WP Saha,117,117,1951,2427,21,25.28125,115,124.39774474628396,0,1951,0,0,0,0.0,0.0,0.0
WPUJC Vaas,13,11,73,81,4,11.571428571428571,20,110.95890410958904,13,73,22,3,364,16.545454545454547,48.0,7.583333333333333
Washington Sundar,50,32,278,318,9,13.826086956521738,40,114.38848920863308,49,278,35,3,1116,31.88571428571429,154.66666666666666,7.2155172413793105
X Thalaivan Sargunam,1,1,17,10,0,10.0,10,58.82352941176471,0,17,0,0,0,0.0,0.0,0.0
Y Gnaneswara Rao,2,1,18,19,0,19.0,19,105.55555555555556,1,18,0,0,7,inf,1.0,7.0
Y Nagar,20,20,271,285,5,19.0,44,105.1660516605166,8,271,4,2,125,31.25,12.0,10.416666666666666
Y Prithvi Raj,2,1,1,0,1,0.0,0,0.0,2,1,1,1,57,57.0,5.5,10.363636363636363
Y Venugopal Rao,57,52,865,985,10,23.452380952380956,71,113.8728323699422,20,865,7,2,338,48.285714285714285,37.0,9.135135135135137
YA Abdulla,11,1,1,0,1,0.0,0,0.0,11,1,15,4,311,20.73333333333333,37.0,8.405405405405405
YBK Jaiswal,23,23,410,547,0,23.782608695652176,68,133.41463414634148,1,410,0,0,6,inf,0.1666666666666666,36.0
YK Pathan,161,153,2334,3222,42,29.027027027027028,100,138.04627249357327,82,2334,46,3,1443,31.369565217391305,197.33333333333331,7.3125
YS Chahal,130,17,89,37,11,6.166666666666667,8,41.57303370786517,130,89,172,5,3699,21.50581395348837,490.0,7.548979591836734
YV Takawale,10,10,183,192,2,24.0,45,104.91803278688523,0,183,0,0,0,0.0,0.0,0.0
Yash Dayal,9,1,1,0,0,0.0,0,0.0,9,1,13,3,296,22.76923076923077,34.166666666666664,8.663414634146342
Yashpal Singh,4,4,67,47,0,11.75,20,70.1492537313433,0,67,0,0,0,0.0,0.0,0.0
Younis Khan,1,1,7,3,0,3.0,3,42.85714285714285,0,7,0,0,0,0.0,0.0,0.0
Yuvraj Singh,129,126,2207,2754,17,25.26605504587156,83,124.78477571363842,73,2207,39,4,1091,27.97435897435897,147.0,7.421768707482993
Z Khan,99,27,141,117,12,7.8,23,82.97872340425532,99,141,119,4,2860,24.03361344537815,379.3333333333333,7.539543057996485
